<?xml version="1.0" encoding="UTF-8"?><rss version="2.0"
	xmlns:content="http://purl.org/rss/1.0/modules/content/"
	xmlns:dc="http://purl.org/dc/elements/1.1/"
	xmlns:atom="http://www.w3.org/2005/Atom"
	xmlns:sy="http://purl.org/rss/1.0/modules/syndication/"
	
	>
<channel>
	<title>Comments for Solar Homes</title>
	<atom:link href="https://benjanow.github.io/SolarHomes/comments/feed/" rel="self" type="application/rss+xml" />
	<link>https://benjanow.github.io/SolarHomes/</link>
	<description>The better way.</description>
	<lastBuildDate>Sat, 30 Jun 2018 16:25:38 +0000</lastBuildDate>
	<sy:updatePeriod>hourly</sy:updatePeriod>
	<sy:updateFrequency>1</sy:updateFrequency>
	<generator>https://wordpress.org/?v=4.9.3</generator>
</channel>
</rss>
